{
  "profile": "checkpoints",
  "drones": { "aerial": 2, "surface": 3 },
  "arrive_m": 3.0,
  "aerial_alt_m": 15.0,
  "checkpoints": {
    "P01": [-30.05730, -51.17330, 0.0],
    "P02": [-30.05810, -51.17250, 0.0],
    "P03": [-30.05770, -51.17190, -2.0],
    "P04": [-30.05750, -51.17290, 20.0],
    "P05": [-30.05830, -51.17350, 20.0]
  },
  "assignments": {
    "sur00": ["P01", "P02"],
    "sur01": ["P02", "P03", "P01"],
    "sur02": ["P01", "P03"],
    "aer00": ["P04", "P05"],
    "aer01": ["P05", "P04", "P01"]
  }
}
