{
  "profile": "checkpoints",
  "drones": {
    "aerial": 3,
    "surface": 3
  },
  "radius_m": 45.0,
  "arrive_m": 3.0,
  "aerial_alt_m": 15.0,
  "checkpoints": {
    "P01": [
      -30.0577,
      -51.17321,
      0.0
    ],
    "P02": [
      -30.0577,
      -51.17259,
      0.0
    ],
    "P03": [
      -30.05789,
      -51.17312,
      15.0
    ],
    "P04": [
      -30.05751,
      -51.17268,
      15.0
    ],
    "P05": [
      -30.0573,
      -51.17316,
      0.0
    ],
    "P06": [
      -30.0573,
      -51.17264,
      0.0
    ],
    "P09": [
      -30.05733,
      -51.1729,
      -2.0
    ],
    "P07": [
      -30.05833,
      -51.17311,
      20.0
    ],
    "P08": [
      -30.05833,
      -51.17269,
      20.0
    ],
    "P13": [
      -30.0577,
      -51.1729,
      15.0
    ]
  },
  "assignments": {
    "sur00": [
      "P01",
      "P02"
    ],
    "sur01": [
      "P02",
      "P01"
    ],
    "aer00": [
      "P03",
      "P04"
    ],
    "aer01": [
      "P13"
    ],
    "sur02": [
      "P05",
      "P09",
      "P06"
    ],
    "aer02": [
      "P07",
      "P08"
    ]
  }
}
